{
  "routes": [
    {
      "geometry": {
        "coordinates": [
          [
            73.854413,
            18.521581
          ],
          [
            74.024664,
            18.457041
          ],
          [
            74.056203,
            18.462001
          ],
          [
            74.164213,
            18.406832
          ],
          [
            74.335819,
            18.20594
          ],
          [
            74.306408,
            18.153697
          ],
          [
            74.318959,
            18.097526
          ],
          [
            74.292255,
            18.012539
          ],
          [
            74.256313,
            17.980151
          ],
          [
            74.323011,
            17.869409
          ],
          [
            74.285541,
            17.845065
          ],
          [
            74.299891,
            17.726467
          ],
          [
            74.322543,
            17.728206
          ],
          [
            74.389404,
            17.599975
          ],
          [
            74.446391,
            17.585168
          ],
          [
            74.430308,
            17.498681
          ],
          [
            74.4649,
            17.455679
          ],
          [
            74.439618,
            17.419985
          ],
          [
            74.435649,
            17.35725
          ],
          [
            74.458254,
            17.360717
          ],
          [
            74.480066,
            17.306466
          ],
          [
            74.430414,
            17.179197
          ],
          [
            74.454055,
            17.160571
          ],
          [
            74.45706,
            17.089486
          ],
          [
            74.549962,
            17.004447
          ],
          [
            74.555679,
            16.912086
          ],
          [
            74.623316,
            16.843023
          ],
          [
            74.79446,
            16.786049
          ]
        ],
        "type": "LineString"
      },
      "legs": [
        {
          "steps": [],
          "summary": "",
          "weight": 93956.9,
          "duration": 77465.7,
          "distance": 307574.2
        }
      ],
      "weight_name": "cyclability",
      "weight": 93956.9,
      "duration": 77465.7,
      "distance": 307574.2
    }
  ],
  "waypoints": [
    {
      "distance": 17.47874423052382,
      "name": "",
      "location": [
        73.854413,
        18.521581
      ]
    },
    {
      "distance": 0,
      "name": "Kolhapur-Miraj Road",
      "location": [
        74.79446,
        16.786049
      ]
    }
  ],
  "code": "Ok",
  "uuid": "-iJFv38f6GvEo16Hqsi8ZIlp0k2mqHOP6503FzSo6Y0pT3hYY7Quxw=="
}