[
  {
    "latitude": 77.209007,
    "longitude": 28.613909,
    "temperature": 292.22,
    "humidity": 55,
    "weather_condition": "haze"
  },
  {
    "latitude": 77.225649,
    "longitude": 28.64818,
    "temperature": 292.18,
    "humidity": 55,
    "weather_condition": "haze"
  },
  {
    "latitude": 77.26594,
    "longitude": 28.651645,
    "temperature": 292.3,
    "humidity": 55,
    "weather_condition": "haze"
  },
  {
    "latitude": 77.300518,
    "longitude": 28.670216,
    "temperature": 292.27,
    "humidity": 27,
    "weather_condition": "clear sky"
  },
  {
    "latitude": 77.330918,
    "longitude": 28.670014,
    "temperature": 292.29,
    "humidity": 27,
    "weather_condition": "clear sky"
  },
  {
    "latitude": 77.336434,
    "longitude": 28.662008,
    "temperature": 292.29,
    "humidity": 27,
    "weather_condition": "clear sky"
  },
  {
    "latitude": 77.378867,
    "longitude": 28.671683,
    "temperature": 292.29,
    "humidity": 27,
    "weather_condition": "clear sky"
  },
  {
    "latitude": 77.413174,
    "longitude": 28.660482,
    "temperature": 292.29,
    "humidity": 28,
    "weather_condition": "clear sky"
  },
  {
    "latitude": 77.440359,
    "longitude": 28.672105,
    "temperature": 292.23,
    "humidity": 28,
    "weather_condition": "clear sky"
  },
  {
    "latitude": 77.478893,
    "longitude": 28.664008,
    "temperature": 292.23,
    "humidity": 28,
    "weather_condition": "clear sky"
  },
  {
    "latitude": 77.524118,
    "longitude": 28.676253,
    "temperature": 292.24,
    "humidity": 29,
    "weather_condition": "clear sky"
  },
  {
    "latitude": 77.563305,
    "longitude": 28.666336,
    "temperature": 292.23,
    "humidity": 29,
    "weather_condition": "clear sky"
  },
  {
    "latitude": 77.590202,
    "longitude": 28.682943,
    "temperature": 292.23,
    "humidity": 29,
    "weather_condition": "clear sky"
  },
  {
    "latitude": 77.632806,
    "longitude": 28.676499,
    "temperature": 291,
    "humidity": 30,
    "weather_condition": "clear sky"
  },
  {
    "latitude": 77.662454,
    "longitude": 28.692173,
    "temperature": 290.78,
    "humidity": 30,
    "weather_condition": "clear sky"
  },
  {
    "latitude": 77.728846,
    "longitude": 28.672515,
    "temperature": 290.49,
    "humidity": 30,
    "weather_condition": "clear sky"
  },
  {
    "latitude": 77.791059,
    "longitude": 28.670761,
    "temperature": 290.41,
    "humidity": 30,
    "weather_condition": "clear sky"
  },
  {
    "latitude": 77.833845,
    "longitude": 28.641551,
    "temperature": 290.46,
    "humidity": 30,
    "weather_condition": "clear sky"
  },
  {
    "latitude": 77.877359,
    "longitude": 28.632179,
    "temperature": 290.44,
    "humidity": 30,
    "weather_condition": "clear sky"
  },
  {
    "latitude": 77.91078,
    "longitude": 28.61126,
    "temperature": 290.47,
    "humidity": 30,
    "weather_condition": "clear sky"
  },
  {
    "latitude": 77.963536,
    "longitude": 28.610631,
    "temperature": 290.48,
    "humidity": 30,
    "weather_condition": "clear sky"
  },
  {
    "latitude": 78.044938,
    "longitude": 28.628516,
    "temperature": 290.46,
    "humidity": 30,
    "weather_condition": "clear sky"
  },
  {
    "latitude": 78.146046,
    "longitude": 28.61087,
    "temperature": 290.5,
    "humidity": 30,
    "weather_condition": "clear sky"
  },
  {
    "latitude": 78.206794,
    "longitude": 28.627718,
    "temperature": 290.6,
    "humidity": 30,
    "weather_condition": "clear sky"
  },
  {
    "latitude": 78.205439,
    "longitude": 28.618746,
    "temperature": 290.6,
    "humidity": 30,
    "weather_condition": "clear sky"
  },
  {
    "latitude": 78.225062,
    "longitude": 28.6132,
    "temperature": 290.61,
    "humidity": 30,
    "weather_condition": "clear sky"
  },
  {
    "latitude": 78.235045,
    "longitude": 28.553534,
    "temperature": 290.63,
    "humidity": 30,
    "weather_condition": "clear sky"
  },
  {
    "latitude": 78.256946,
    "longitude": 28.517874,
    "temperature": 290.65,
    "humidity": 30,
    "weather_condition": "clear sky"
  },
  {
    "latitude": 78.27754,
    "longitude": 28.505675,
    "temperature": 290.66,
    "humidity": 30,
    "weather_condition": "clear sky"
  },
  {
    "latitude": 78.312097,
    "longitude": 28.530412,
    "temperature": 290.65,
    "humidity": 30,
    "weather_condition": "clear sky"
  },
  {
    "latitude": 78.330117,
    "longitude": 28.501577,
    "temperature": 290.66,
    "humidity": 30,
    "weather_condition": "clear sky"
  },
  {
    "latitude": 78.365657,
    "longitude": 28.521913,
    "temperature": 290.65,
    "humidity": 30,
    "weather_condition": "clear sky"
  },
  {
    "latitude": 78.501182,
    "longitude": 28.529514,
    "temperature": 290.61,
    "humidity": 30,
    "weather_condition": "clear sky"
  },
  {
    "latitude": 78.529199,
    "longitude": 28.548022,
    "temperature": 290.59,
    "humidity": 30,
    "weather_condition": "clear sky"
  },
  {
    "latitude": 78.546401,
    "longitude": 28.536831,
    "temperature": 290.59,
    "humidity": 30,
    "weather_condition": "clear sky"
  },
  {
    "latitude": 78.53833,
    "longitude": 28.530884,
    "temperature": 290.59,
    "humidity": 30,
    "weather_condition": "clear sky"
  },
  {
    "latitude": 78.552635,
    "longitude": 28.516089,
    "temperature": 290.59,
    "humidity": 30,
    "weather_condition": "clear sky"
  },
  {
    "latitude": 78.587943,
    "longitude": 28.510472,
    "temperature": 290.58,
    "humidity": 30,
    "weather_condition": "clear sky"
  },
  {
    "latitude": 78.594319,
    "longitude": 28.488482,
    "temperature": 290.58,
    "humidity": 30,
    "weather_condition": "clear sky"
  },
  {
    "latitude": 78.638425,
    "longitude": 28.483173,
    "temperature": 290.58,
    "humidity": 30,
    "weather_condition": "clear sky"
  },
  {
    "latitude": 78.664507,
    "longitude": 28.494297,
    "temperature": 290.55,
    "humidity": 30,
    "weather_condition": "clear sky"
  },
  {
    "latitude": 78.689584,
    "longitude": 28.48036,
    "temperature": 290.56,
    "humidity": 30,
    "weather_condition": "clear sky"
  },
  {
    "latitude": 78.750739,
    "longitude": 28.511384,
    "temperature": 290.54,
    "humidity": 30,
    "weather_condition": "clear sky"
  },
  {
    "latitude": 78.73244,
    "longitude": 28.553621,
    "temperature": 290.58,
    "humidity": 30,
    "weather_condition": "clear sky"
  },
  {
    "latitude": 78.754116,
    "longitude": 28.556982,
    "temperature": 290.6,
    "humidity": 30,
    "weather_condition": "clear sky"
  }
]